/*
SQLyog Ultimate v12.5.0 (64 bit)
MySQL - 5.5.61 : Database - dbstudent
*********************************************************************
*/

/*!40101 SET NAMES utf8 */;

/*!40101 SET SQL_MODE=''*/;

/*!40014 SET @OLD_UNIQUE_CHECKS=@@UNIQUE_CHECKS, UNIQUE_CHECKS=0 */;
/*!40014 SET @OLD_FOREIGN_KEY_CHECKS=@@FOREIGN_KEY_CHECKS, FOREIGN_KEY_CHECKS=0 */;
/*!40101 SET @OLD_SQL_MODE=@@SQL_MODE, SQL_MODE='NO_AUTO_VALUE_ON_ZERO' */;
/*!40111 SET @OLD_SQL_NOTES=@@SQL_NOTES, SQL_NOTES=0 */;
CREATE DATABASE /*!32312 IF NOT EXISTS*/`dbstudent` /*!40100 DEFAULT CHARACTER SET utf8 */;

USE `dbstudent`;

/*Table structure for table `antest` */

DROP TABLE IF EXISTS `antest`;

CREATE TABLE `antest` (
  `a` int(11) NOT NULL,
  `b` int(11) DEFAULT NULL,
  `c` int(11) DEFAULT NULL,
  `d` char(11) DEFAULT NULL,
  PRIMARY KEY (`a`),
  KEY `idx` (`b`)
) ENGINE=InnoDB DEFAULT CHARSET=utf8;

/*Data for the table `antest` */

insert  into `antest`(`a`,`b`,`c`,`d`) values 
(1,2,2,'进玉'),
(2,3,2,'安华'),
(3,24,2,NULL);

/*Table structure for table `tbadd` */

DROP TABLE IF EXISTS `tbadd`;

CREATE TABLE `tbadd` (
  `id` char(100) NOT NULL,
  `name` char(100) DEFAULT NULL,
  `birstaday` date DEFAULT NULL,
  `ai_hao` char(200) DEFAULT NULL,
  `home` char(100) DEFAULT NULL,
  PRIMARY KEY (`id`)
) ENGINE=InnoDB DEFAULT CHARSET=utf8;

/*Data for the table `tbadd` */

insert  into `tbadd`(`id`,`name`,`birstaday`,`ai_hao`,`home`) values 
('123','Jason','1111-11-11','喜欢杨','茂名'),
('1c6cccaddf8f45938698a2dd832ab963','冯进玉','2020-07-15','聊天==',NULL),
('65d0ac3ae9f24b01bced1e543a0270f6','冯进玉','1111-11-11','聊天==',NULL),
('6e43a450b5a149229d1cd7a1b81f12c6','黄小菊','1111-11-11',NULL,NULL),
('d4dfa0d5937345619099ab0b023fc8aa','黄小菊','1111-11-11','不知道','电池');

/*Table structure for table `tbclass` */

DROP TABLE IF EXISTS `tbclass`;

CREATE TABLE `tbclass` (
  `NO` char(5) NOT NULL,
  `NAME` char(10) NOT NULL,
  `TID` char(4) DEFAULT NULL,
  PRIMARY KEY (`NO`),
  KEY `refClassTID` (`TID`),
  CONSTRAINT `refClassTID` FOREIGN KEY (`TID`) REFERENCES `tbteacher` (`NO`)
) ENGINE=InnoDB DEFAULT CHARSET=utf8;

/*Data for the table `tbclass` */

insert  into `tbclass`(`NO`,`NAME`,`TID`) values 
('77','77','77'),
('DS171','17级大数据1班','T005'),
('JK171','17级计科1班','T003'),
('JK172','17级计科2班','T003'),
('JK173','17级计科3班','T003'),
('JK174','17级计科4班','T003'),
('JK175','17级计科5班','T003'),
('RJ171','17级软件1班','T001'),
('RJ172','17级软件2班','T001'),
('RJ173','17级软件3班','T001'),
('RJ174','17级软件4班','T001'),
('RJ175','17级软件5班','T001'),
('SM171','17级数媒1班','T004'),
('SM172','17级数媒2班','T004'),
('WG171','17级网工1班','T002'),
('WG172','17级网工2班','T002');

/*Table structure for table `tbstudent` */

DROP TABLE IF EXISTS `tbstudent`;

CREATE TABLE `tbstudent` (
  `NO` char(7) NOT NULL,
  `NAME` char(10) DEFAULT NULL,
  `GENDER` char(1) DEFAULT NULL,
  `BIRTHDATE` date DEFAULT NULL,
  `HOMETOWN` char(30) DEFAULT NULL,
  `CLASSID` char(5) DEFAULT NULL,
  `IDCARD` char(18) DEFAULT NULL,
  PRIMARY KEY (`NO`),
  KEY `refStudentClassID` (`CLASSID`),
  CONSTRAINT `refStudentClassID` FOREIGN KEY (`CLASSID`) REFERENCES `tbclass` (`NO`)
) ENGINE=InnoDB DEFAULT CHARSET=utf8;

/*Data for the table `tbstudent` */

insert  into `tbstudent`(`NO`,`NAME`,`GENDER`,`BIRTHDATE`,`HOMETOWN`,`CLASSID`,`IDCARD`) values 
('000111','花花花','男','1999-11-11','广东茂名','RJ171','440305199711076922'),
('0351606','花花花','男','1999-11-11','广东茂名','RJ171','440305199711076922'),
('0351607','金睿敏','女','1997-03-13','安徽省宣城市宁国市','RJ172','341881199703133523'),
('0351608','严子鑫','男','1998-11-25','四川省凉山彝族自治州越西县','RJ173','51343419981125707X'),
('0351609','杨翠花','男','1999-03-10','青海省海南藏族自治州共和县','RJ174','632521199903104417'),
('0351610','吕昭东','男','1999-05-20','新疆维吾尔自治区伊犁哈萨克自治州伊宁市','RJ175','654002199905206694'),
('0351611','花花花','男','1999-11-11','广东茂名','RJ171','440305199711076922'),
('0351612','金痴梦','男','1997-04-23','江西省抚州市临川区','RJ172','361002199704230231'),
('0351613','李千萍','男','1996-09-06','黑龙江省七台河市新兴区','RJ173','23090219960906529X'),
('0351614','尤瑾','男','1996-06-01','河北省邢台市沙河市','RJ174','130582199606015576'),
('0351615','秦洋','女','1999-11-20','四川省达州市大竹县','RJ175','511724199911205949'),
('0351616','花花花','男','1999-11-11','广东茂名','RJ171','440305199711076922'),
('0351617','杨春喜','男','1996-06-17','辽宁省沈阳市新民市','RJ172','210181199606171853'),
('0351618','何山柳','男','1996-07-11','广东省广州市从化区','RJ173','440117199607118714'),
('0351619','关凯敏','男','1999-05-12','云南省怒江傈僳族自治州兰坪白族普米族自治县','RJ174','533325199905124413'),
('0351620','吴丽','女','1996-11-20','宁夏回族自治区石嘴山市平罗县','RJ175','640221199611200865'),
('0351621','花花花','男','1999-11-11','广东茂名','RJ171','440305199711076922'),
('0351622','周迎春','女','1997-01-21','河南省三门峡市卢氏县','RJ172','411224199701215603'),
('0351623','陶敏','男','1999-08-17','河北省廊坊市香河县','RJ173','131024199908174572'),
('0351624','赵芸','男','1998-10-12','辽宁省辽阳市灯塔市','RJ174','211081199810123758'),
('0351625','昝亦寒','男','1998-07-20','湖南省怀化市芷江侗族自治县','RJ175','431228199807209614'),
('0351626','花花花','男','1999-11-11','广东茂名','RJ171','440305199711076922'),
('0351627','沈甜','女','1999-05-22','甘肃省兰州市兰州市','RJ172','620101199905226388'),
('0351628','孔丽','男','1997-09-17','福建省宁德市霞浦县','RJ173','350921199709177930'),
('0351629','朱月珍','男','1998-10-02','陕西省商洛市丹凤县','RJ174','611022199810026813'),
('0351630','何念梅','男','1997-02-25','安徽省宣城市宁国市','RJ175','341881199702252133'),
('0351631','花花花','男','1999-11-11','广东茂名','RJ171','440305199711076922'),
('0351632','陶妙海','女','1998-05-01','辽宁省沈阳市苏家屯区','RJ172','210111199805017489'),
('0351633','姜子涵','男','1996-11-19','青海省西宁市城西区','RJ173','630104199611195118'),
('0351634','朱婷','男','1997-01-10','福建省漳州市龙海市','RJ174','350681199701107698'),
('0351635','吴瑾','女','1996-09-17','广东省阳江市阳春市','RJ175','441781199609179902'),
('0351636','花花花','男','1999-11-11','广东茂名','RJ171','440305199711076922'),
('0351637','曹枫','男','1996-01-19','四川省广元市利州区','RJ172','510802199601198516'),
('0351638','秦欣','女','1998-05-22','湖北省荆州市松滋市','RJ173','421087199805224324'),
('0351639','李安琪','男','1998-02-20','海南省五指山市','RJ174','469001199802209975'),
('0351640','曹文静','女','1998-04-08','云南省丽江市永胜县','RJ175','530722199804088628'),
('0351641','花花花','男','1999-11-11','广东茂名','RJ171','440305199711076922'),
('0351642','褚巧丽','男','1997-02-05','云南省保山市龙陵县','RJ172','530523199702057535'),
('0351643','吕光琴','女','1999-09-27','江苏省宿迁市泗洪县','RJ173','32132419990927784X'),
('0351644','赵育','男','1998-02-06','云南省大理白族自治州云龙县','RJ174','53292919980206083X'),
('0351645','章聪','男','1996-07-06','湖北省宜昌市长阳土家族自治县','RJ175','420528199607063677'),
('0351646','花花花','男','1999-11-11','广东茂名','RJ171','440305199711076922'),
('0351647','张甜','男','1999-05-24','西藏自治区昌都市卡若区','RJ172','540302199905245199'),
('0351648','尤明艳','女','1996-02-26','黑龙江省绥化市兰西县','RJ173','231222199602261122'),
('0351649','郑欣','男','1998-07-14','浙江省舟山市岱山县','RJ174','330921199807140097'),
('0351650','孙丽','女','1999-05-10','陕西省延安市富县','RJ175','610628199905107720'),
('0351651','花花花','男','1999-11-11','广东茂名','RJ171','440305199711076922'),
('0351652','陈叶','男','1997-02-01','福建省三明市沙县','RJ172','350427199702019957'),
('0351653','钱琳','女','1999-05-12','湖南省株洲市石峰区','RJ173','430204199905128226'),
('0351654','孔冰彤','女','1998-07-17','吉林省辽源市东丰县','RJ174','220421199807177807'),
('0351655','陶咏','男','1996-06-04','贵州省黔南布依族苗族自治州三都水族自治县','RJ175','52273219960604407X'),
('0351656','花花花','男','1999-11-11','广东茂名','RJ171','440305199711076922'),
('0351657','冯颖','男','1998-05-02','江苏省扬州市仪征市','RJ172','321081199805022595'),
('0351658','朱小珍','男','1998-02-04','江苏省徐州市鼓楼区','RJ173','320302199802043550'),
('0351659','楚红恋','女','1997-10-09','辽宁省沈阳市和平区','RJ174','210102199710095402'),
('0351660','王海莲','男','1996-04-21','重庆市重庆市垫江县','RJ175','500231199604214259'),
('0351661','花花花','男','1999-11-11','广东茂名','RJ171','440305199711076922'),
('0351662','窦溶艳','男','1996-05-18','河南省鹤壁市鹤壁市','RJ172','41060119960518863X'),
('0351663','孔苑','女','1998-08-19','吉林省延边朝鲜族自治州敦化市','RJ173','222403199808195467'),
('0351664','郑怡','女','1996-03-20','山西省晋中市祁县','RJ174','140727199603208987'),
('0351665','吴萍','女','1997-01-24','浙江省绍兴市嵊州市','RJ175','330683199701242207'),
('0351666','花花花','男','1999-11-11','广东茂名','RJ171','440305199711076922'),
('0351667','冯翠翠','男','1999-03-02','四川省绵阳市安州区','RJ172','510705199903026676'),
('0351668','韩彤','女','1997-05-20','江苏省无锡市新吴区','RJ173','320214199705202927'),
('0351669','姜文倩','男','1998-03-25','河南省周口市商水县','RJ174','411623199803254051'),
('0351670','郑雪','女','1997-05-09','山东省德州市临邑县','RJ175','371424199705091407'),
('0351671','花花花','男','1999-11-11','广东茂名','RJ171','440305199711076922'),
('0351672','孔雅瑄','男','1998-09-20','安徽省淮南市谢家集区','RJ172','340404199809200979'),
('0351673','金半芹','女','1997-06-17','黑龙江省佳木斯市东风区','RJ173','230805199706178628'),
('0351674','陈冬灵','男','1998-02-08','四川省广元市青川县','RJ174','510822199802086890'),
('0351675','吴开萍','男','1997-09-14','江苏省镇江市镇江市','RJ175','321101199709148191'),
('0351676','花花花','男','1999-11-11','广东茂名','RJ171','440305199711076922'),
('0351677','施翡翠','女','1999-01-19','陕西省西安市周至县','RJ172','610124199901190966'),
('0351678','褚玫','男','1998-02-24','广西壮族自治区桂林市七星区','RJ173','450305199802247156'),
('0351679','钱玉凤','男','1999-08-27','四川省甘孜藏族自治州道孚县','RJ174','513326199908276159'),
('0351680','韩高彭','女','1996-09-02','新疆维吾尔自治区巴音郭楞蒙古自治州博湖县','RJ175','652829199609020360'),
('0351681','花花花','男','1999-11-11','广东茂名','RJ171','440305199711076922'),
('0351682','赵晓云','女','1997-09-08','西藏自治区日喀则市谢通门县','RJ172','540227199709089581'),
('0351683','韩丽','男','1998-05-18','西藏自治区拉萨市达孜县','RJ173','540126199805187657'),
('0351684','孔菁','女','1997-04-04','山东省临沂市沂水县','RJ174','371323199704042126'),
('0351685','沈敏婷','男','1998-09-04','湖北省襄阳市襄城区','RJ175','420602199809044230'),
('0351686','花花花','男','1999-11-11','广东茂名','RJ171','440305199711076922'),
('0351687','蒋元群','男','1996-07-14','湖北省宜昌市猇亭区','RJ172','42050519960714339X'),
('0351688','郎安琪','男','1999-03-15','西藏自治区拉萨市城关区','RJ173','540102199903151657'),
('0351689','吴文秀','女','1996-09-12','江西省吉安市井冈山市','RJ174','360881199609126186'),
('0351690','秦发弟','女','1997-01-13','湖北省孝感市应城市','RJ175','420981199701131561'),
('0351691','花花花','男','1999-11-11','广东茂名','RJ171','440305199711076922'),
('0351692','陈肇琪','男','1998-01-03','山东省聊城市临清市','RJ172','371581199801038553'),
('0351693','周小珍','男','1997-02-27','河北省保定市涿州市','RJ173','130681199702279896'),
('0351694','卫莉','女','1998-08-14','黑龙江省伊春市乌伊岭区','RJ174','230714199808144606'),
('0351695','尤寒','男','1998-05-18','四川省眉山市丹棱县','RJ175','511424199805185714'),
('0351696','花花花','男','1999-11-11','广东茂名','RJ171','440305199711076922'),
('0351697','施瑞进','男','1999-06-26','河南省平顶山市汝州市','RJ172','410482199906262159'),
('0351698','喻发弟','女','1997-04-20','青海省果洛藏族自治州甘德县','RJ173','632623199704200949'),
('0351699','许育','女','1999-05-02','山西省大同市南郊区','RJ174','140211199905023488'),
('0351700','长孙粤','女','1996-06-10','黑龙江省大兴安岭地区呼玛县','RJ175','232721199606102147'),
('0351701','花花花','男','1999-11-11','广东茂名','RJ171','440305199711076922'),
('0351702','张韵','女','1998-08-11','浙江省温州市龙湾区','RJ172','330303199808117109'),
('0351703','华秋菊','男','1998-04-22','湖南省长沙市浏阳市','RJ173','430181199804228719'),
('0351704','金欣悦','女','1999-02-07','湖南省永州市蓝山县','RJ174','431127199902076467'),
('0351705','周朱婷','女','1997-05-01','河北省邯郸市邯郸县','RJ175','130421199705016189'),
('0351706','花花花','男','1999-11-11','广东茂名','RJ171','440305199711076922'),
('0351707','施夜白','女','1999-02-25','广西壮族自治区南宁市横县','RJ172','450127199902250405'),
('0351708','韩梅香','女','1996-01-18','广西壮族自治区南宁市南宁市','RJ173','450101199601182820'),
('0351709','戚瑶','男','1998-03-22','广西壮族自治区南宁市宾阳县','RJ174','450126199803222613'),
('0351710','曹光萍','女','1997-11-19','四川省遂宁市安居区','RJ175','510904199711190943'),
('0351711','花花花','男','1999-11-11','广东茂名','RJ171','440305199711076922'),
('0351712','施迎曼','女','1996-04-24','湖南省长沙市长沙县','RJ172','430121199604246166'),
('0351713','姜霄','男','1999-07-17','内蒙古自治区锡林郭勒盟苏尼特左旗','RJ173','152523199907178438'),
('0351714','钱婷','女','1997-02-12','内蒙古自治区呼和浩特市和林格尔县','RJ174','150123199702120124'),
('0351715','孔含玉','女','1998-01-05','贵州省安顺市紫云苗族布依族自治县','RJ175','520425199801050844'),
('0351716','花花花','男','1999-11-11','广东茂名','RJ171','440305199711076922'),
('0351717','陈光桃','男','1996-05-14','江西省抚州市抚州市','RJ172','361001199605148156'),
('0351718','朱娟','男','1997-07-10','福建省宁德市古田县','RJ173','350922199707102835'),
('0351719','严红恋','男','1997-07-13','内蒙古自治区呼伦贝尔市阿荣旗','RJ174','150721199707134912'),
('0351720','沈宜','男','1998-03-05','四川省宜宾市屏山县','RJ175','51152919980305649X'),
('0351721','花花花','男','1999-11-11','广东茂名','RJ171','440305199711076922'),
('0351722','严显丽','男','1997-08-11','西藏自治区日喀则市拉孜县','RJ172','540225199708118018'),
('0351723','嵇肇琪','男','1999-02-23','新疆维吾尔自治区哈密市伊吾县','RJ173','650522199902239617'),
('0351724','毛芯蕊','男','1996-10-21','河北省邯郸市曲周县','RJ174','130435199610213751'),
('0351725','陈紫霜','女','1996-05-02','河北省唐山市乐亭县','RJ175','130225199605026149'),
('0351726','花花花','男','1999-11-11','广东茂名','RJ171','440305199711076922'),
('0351727','邹红','女','1996-06-05','云南省普洱市澜沧拉祜族自治县','RJ172','530828199606050489'),
('0351728','尤婷','女','1997-01-16','广西壮族自治区崇左市凭祥市','RJ173','451481199701167184'),
('0351729','曹红','女','1996-09-24','新疆维吾尔自治区伊犁哈萨克自治州尼勒克县','RJ174','654028199609242547'),
('0351730','钱亚','女','1998-11-03','贵州省安顺市普定县','RJ175','520422199811030629'),
('0351731','花花花','男','1999-11-11','广东茂名','RJ171','440305199711076922'),
('0351732','戚寻南','男','1997-08-11','湖南省郴州市资兴市','RJ172','431081199708115576'),
('0351733','钱枫','男','1997-06-23','江苏省南京市高淳区','RJ173','320118199706232757'),
('0351734','王永珍','男','1997-09-07','江西省吉安市井冈山市','RJ174','360881199709079794'),
('0351735','卫梦','女','1999-10-15','江西省抚州市广昌县','RJ175','361030199910150705'),
('0351736','花花花','男','1999-11-11','广东茂名','RJ171','440305199711076922'),
('0351737','褚含卉','男','1997-04-11','甘肃省平凉市华亭县','RJ172','620824199704118615'),
('0351738','晏睿敏','女','1997-10-11','山西省朔州市朔州市','RJ173','140601199710119147'),
('0351739','冯冬灵','男','1999-02-23','浙江省杭州市富阳区','RJ174','330111199902234810'),
('0351740','严霄','女','1999-01-14','辽宁省辽阳市弓长岭区','RJ175','211005199901147943'),
('0351741','花花花','男','1999-11-11','广东茂名','RJ171','440305199711076922'),
('0351742','戚景玉','男','1996-04-19','陕西省商洛市镇安县','RJ172','611025199604191390'),
('0351743','张红萍','男','1997-08-07','江苏省苏州市张家港市','RJ173','320582199708074310'),
('0351744','朱育彤','女','1999-04-19','河北省保定市曲阳县','RJ174','13063419990419102X'),
('0351745','吕丽','男','1997-11-09','江苏省淮安市涟水县','RJ175','320826199711098394'),
('0351746','花花花','男','1999-11-11','广东茂名','RJ171','440305199711076922'),
('0351747','韩贞','女','1997-09-13','山东省聊城市东昌府区','RJ172','371502199709136868'),
('0351748','吴醉薇','男','1998-01-18','广西壮族自治区贺州市平桂区','RJ173','451103199801189131'),
('0351749','冯夏梅','女','1996-03-26','浙江省丽水市青田县','RJ174','331121199603269224'),
('0351750','严兰兰','女','1996-01-11','河北省沧州市东光县','RJ175','130923199601110269'),
('0351751','花花花','男','1999-11-11','广东茂名','RJ171','440305199711076922'),
('0351752','曹雨祺','女','1997-03-01','福建省漳州市长泰县','RJ172','350625199703011306'),
('0351753','蒋万敏','女','1997-06-06','辽宁省大连市庄河市','RJ173','210283199706066143'),
('0351754','姜欣','女','1997-03-07','山东省淄博市张店区','RJ174','370303199703079246'),
('0351755','鲁程燕','女','1999-05-25','河南省南阳市邓州市','RJ175','411381199905257023'),
('0351756','花花花','男','1999-11-11','广东茂名','RJ171','440305199711076922'),
('0351757','魏睿婕','女','1996-11-13','安徽省亳州市利辛县','RJ172','34162319961113812X'),
('0351758','褚金花','男','1996-11-14','河南省濮阳市范县','RJ173','41092619961114897X'),
('0351759','赵佳丽','女','1996-02-09','河南省开封市祥符区','RJ174','410212199602092947'),
('0351760','褚阳涌','男','1998-11-05','安徽省淮南市淮南市','RJ175','340401199811056495'),
('0351761','花花花','男','1999-11-11','广东茂名','RJ171','440305199711076922'),
('0351762','秦红','男','1999-10-14','山西省忻州市定襄县','RJ172','140921199910142351'),
('0351763','秦凡','男','1999-08-12','辽宁省盘锦市兴隆台区','RJ173','211103199908120930'),
('0351764','许薇','女','1998-04-05','山东省枣庄市山亭区','RJ174','370406199804056304'),
('0351765','钱大秀','男','1998-08-15','内蒙古自治区包头市青山区','RJ175','150204199808153975'),
('0351766','花花花','男','1999-11-11','广东茂名','RJ171','440305199711076922'),
('0351767','赵迎春','男','1996-04-14','黑龙江省齐齐哈尔市碾子山区','RJ172','23020719960414657X'),
('0351768','张阳涌','男','1997-06-17','广东省汕尾市海丰县','RJ173','441521199706175455'),
('0351769','韩发弟','男','1998-05-12','内蒙古自治区锡林郭勒盟多伦县','RJ174','152531199805124156'),
('0351770','魏子彤','男','1997-09-11','新疆维吾尔自治区阿克苏地区温宿县','RJ175','652922199709117996'),
('0351771','花花花','男','1999-11-11','广东茂名','RJ171','440305199711076922'),
('0351772','卫甜','女','1998-06-01','广东省揭阳市榕城区','RJ172','445202199806011624'),
('0351773','卫寻南','女','1997-10-18','山东省日照市莒县','RJ173','371122199710184203'),
('0351774','姜侦','女','1998-05-23','宁夏回族自治区银川市永宁县','RJ174','640121199805235841'),
('0351775','褚丹','女','1996-11-20','河北省石家庄市高邑县','RJ175','13012719961120042X'),
('0351776','花花花','男','1999-11-11','广东茂名','RJ171','440305199711076922'),
('0351777','郑美美','女','1996-08-27','四川省甘孜藏族自治州丹巴县','RJ172','513323199608272181'),
('0351778','柏艳','女','1998-06-14','宁夏回族自治区石嘴山市惠农区','RJ173','640205199806140188'),
('0351779','魏敏茹','女','1999-03-10','湖南省怀化市会同县','RJ174','431225199903106026'),
('0351780','钱朱婷','男','1996-05-16','广东省潮州市饶平县','RJ175','445122199605162311'),
('0351781','花花花','男','1999-11-11','广东茂名','RJ171','440305199711076922'),
('0351782','朱甜','女','1996-07-01','云南省昆明市昆明市','RJ172','530101199607014908'),
('0351783','陶小蝶','男','1998-11-21','吉林省白山市浑江区','RJ173','220602199811217914'),
('0351784','朱琴','男','1999-08-23','四川省成都市锦江区','RJ174','510104199908230239'),
('0351785','孔高彭','女','1998-02-05','江西省赣州市上犹县','RJ175','360724199802058100'),
('0351786','花花花','男','1999-11-11','广东茂名','RJ171','440305199711076922'),
('0351787','周娴','女','1996-01-17','四川省阿坝藏族羌族自治州九寨沟县','RJ172','513225199601176223'),
('0351788','陈倩','男','1997-05-21','山西省忻州市原平市','RJ173','14098119970521827X'),
('0351789','戚秋','女','1998-10-08','贵州省黔东南苗族侗族自治州台江县','RJ174','522630199810082980'),
('0351790','蒋洋','女','1999-04-23','辽宁省葫芦岛市南票区','RJ175','211404199904239902'),
('0351791','花花花','男','1999-11-11','广东茂名','RJ171','440305199711076922'),
('0351792','张蓓','女','1997-05-16','云南省玉溪市玉溪市','RJ172','530401199705160286'),
('0351793','冯千萍','女','1998-05-10','云南省迪庆藏族自治州德钦县','RJ173','533422199805100621'),
('0351794','王迎春','女','1996-04-23','辽宁省辽阳市白塔区','RJ174','211002199604237927'),
('0351795','许莎','女','1997-03-24','吉林省四平市铁东区','RJ175','220303199703242768'),
('0351796','花花花','男','1999-11-11','广东茂名','RJ171','440305199711076922'),
('0351797','何朱婷','女','1998-09-18','福建省龙岩市上杭县','RJ172','350823199809187367'),
('0351798','魏缘双','女','1998-01-17','江西省上饶市信州区','RJ173','36110219980117074X'),
('0351799','褚卿','女','1998-10-16','江苏省徐州市贾汪区','RJ174','320305199810168969'),
('0351800','郑山柳','男','1997-01-02','四川省乐山市五通桥区','RJ175','511112199701027779'),
('0351801','花花花','男','1999-11-11','广东茂名','RJ171','440305199711076922'),
('0351802','姜夏青','女','1997-04-16','甘肃省临夏回族自治州和政县','RJ172','622925199704160841'),
('0351803','朱苑','男','1999-03-23','甘肃省陇南市宕昌县','RJ173','621223199903235197'),
('0351804','潘厚菊','女','1999-10-16','新疆维吾尔自治区喀什地区莎车县','RJ174','653125199910160044'),
('0351805','姜凌珍','女','1997-03-26','吉林省松原市扶余市','RJ175','220781199703261708'),
('0351806','花花花','男','1999-11-11','广东茂名','RJ171','440305199711076922'),
('0351807','施瑶','男','1997-06-20','新疆维吾尔自治区博尔塔拉蒙古自治州阿拉山口市','RJ172','652702199706207850'),
('0351808','卫莎','男','1996-06-15','云南省保山市施甸县','RJ173','530521199606158755'),
('0351809','严招弟','女','1996-04-20','山东省青岛市青岛市','RJ174','370201199604202108'),
('0351810','吕欣怡','男','1999-07-10','西藏自治区昌都市边坝县','RJ175','540330199907106278'),
('0351811','花花花','男','1999-11-11','广东茂名','RJ171','440305199711076922'),
('0351812','孙丹','女','1998-08-27','湖南省张家界市永定区','RJ172','430802199808274088'),
('0351813','施如霜','女','1996-06-10','江苏省连云港市灌南县','RJ173','320724199606100140'),
('0351814','戚光兰','男','1998-03-17','西藏自治区林芝市墨脱县','RJ174','540423199803175676'),
('0351815','陶文秀','女','1996-03-04','云南省昭通市鲁甸县','RJ175','53062119960304124X'),
('0351816','花花花','男','1999-11-11','广东茂名','RJ171','440305199711076922'),
('0351817','沈启芬','女','1996-06-03','湖南省张家界市永定区','RJ172','430802199606031969'),
('0351818','仲眉','男','1999-03-06','黑龙江省佳木斯市向阳区','RJ173','230803199903069356'),
('0351819','吕眉','女','1999-04-14','宁夏回族自治区中卫市海原县','RJ174','640522199904143641'),
('0351820','张易梦','男','1997-10-09','四川省巴中市巴州区','RJ175','511902199710092792'),
('0351821','花花花','男','1999-11-11','广东茂名','RJ171','440305199711076922'),
('0351822','许君','女','1997-10-09','河南省商丘市虞城县','RJ172','411425199710095225'),
('0351823','朱嘎妹','女','1998-01-23','新疆维吾尔自治区阿勒泰地区吉木乃县','RJ173','65432619980123644X'),
('0351824','杨娴','女','1998-07-17','福建省厦门市厦门市','RJ174','350201199807175185'),
('0351825','沈慧','男','1999-08-18','云南省红河哈尼族彝族自治州红河县','RJ175','532529199908183633'),
('0351826','花花花','男','1999-11-11','广东茂名','RJ171','440305199711076922'),
('0351827','吕痴梦','女','1997-01-07','浙江省台州市椒江区','RJ172','331002199701076763'),
('0351828','严文涛','男','1997-06-11','湖南省永州市宁远县','RJ173','431126199706110211'),
('0351829','蒋欣淼','女','1996-01-25','上海市上海市浦东新区','RJ174','310115199601251045'),
('0351830','赵成倩','男','1998-10-22','宁夏回族自治区银川市灵武市','RJ175','640181199810224510'),
('0351831','花花花','男','1999-11-11','广东茂名','RJ171','440305199711076922'),
('0351832','孔敏茹','男','1997-11-20','云南省文山壮族苗族自治州麻栗坡县','RJ172','53262419971120019X'),
('0351833','孔香秀','男','1996-04-04','山东省潍坊市寿光市','RJ173','370783199604048050'),
('0351834','李枝','女','1999-06-17','内蒙古自治区乌兰察布市兴和县','RJ174','150924199906172807'),
('0351835','曹琼','女','1996-05-12','内蒙古自治区巴彦淖尔市杭锦后旗','RJ175','150826199605124489'),
('0351836','花花花','男','1999-11-11','广东茂名','RJ171','440305199711076922'),
('0351837','魏凝','男','1996-08-05','云南省曲靖市麒麟区','RJ172','530302199608053615'),
('0351838','张琦','男','1998-02-04','内蒙古自治区通辽市科尔沁区','RJ173','150502199802045619'),
('0351839','华慧娟','女','1998-08-25','甘肃省兰州市安宁区','RJ174','620105199808253021'),
('0351840','杨瑶','女','1996-08-17','江西省赣州市于都县','RJ175','360731199608171242'),
('0351841','花花花','男','1999-11-11','广东茂名','RJ171','440305199711076922'),
('0351842','吕凌珍','女','1997-06-08','广西壮族自治区梧州市蒙山县','RJ172','450423199706081668'),
('0351843','金含卉','女','1999-04-05','安徽省淮南市寿县','RJ173','340422199904052743'),
('0351844','王倩','男','1996-05-10','安徽省宿州市泗县','RJ174','341324199605107837'),
('0351845','严梓涵','女','1999-03-21','广东省汕头市南澳县','RJ175','440523199903215067'),
('0351846','花花花','男','1999-11-11','广东茂名','RJ171','440305199711076922'),
('0351847','周名媛','女','1996-09-13','广西壮族自治区北海市铁山港区','RJ172','450512199609131463'),
('0351848','郑敏婷','女','1998-05-12','辽宁省铁岭市银州区','RJ173','211202199805124807'),
('0351849','魏育','女','1998-11-26','西藏自治区日喀则市岗巴县','RJ174','540237199811266540'),
('0351850','戚秀英','女','1997-08-08','广西壮族自治区百色市右江区','WG171','451002199708088385'),
('0351851','朱霄','男','1997-08-19','江西省上饶市婺源县','WG172','361130199708194435'),
('0351852','冯柳','男','1996-08-25','云南省保山市腾冲市','JK171','53058119960825195X'),
('0351853','曹娅','女','1999-08-11','四川省成都市彭州市','JK172','510182199908118588'),
('0351854','陶小丽','男','1996-03-01','河南省商丘市夏邑县','JK173','411426199603016436'),
('0351855','禄蓓','男','1996-02-08','内蒙古自治区赤峰市阿鲁科尔沁旗','JK174','15042119960208297X'),
('0351856','鲁念','男','1999-03-06','安徽省六安市六安市','JK175','34150119990306347X'),
('0351857','严半雪','男','1996-07-24','黑龙江省鸡西市麻山区','SM171','23030719960724295X'),
('0351858','华惜雪','男','1997-02-02','江苏省镇江市润州区','SM172','321111199702020278'),
('0351859','金凌珍','男','1999-01-04','内蒙古自治区呼伦贝尔市扎兰屯市','DS171','150783199901048291'),
('0351860','杨痴梦','女','1997-01-17','内蒙古自治区通辽市通辽市','WG171','150501199701171388'),
('0351861','陈怜云','女','1996-05-23','湖北省襄阳市襄州区','WG172','420607199605232485'),
('0351862','孔娜','女','1999-11-22','山东省聊城市临清市','JK171','371581199911227945'),
('0351863','丰娟','女','1998-10-24','广西壮族自治区南宁市上林县','JK172','450125199810240805'),
('0351864','朱瑶','男','1998-04-03','云南省临沧市临沧市','JK173','530901199804031030'),
('0351865','韩惠','男','1996-10-16','河南省周口市沈丘县','JK174','411624199610162296'),
('0351866','许心敏','男','1998-08-22','贵州省黔西南布依族苗族自治州兴仁县','JK175','522322199808226117'),
('0351867','沈彩艳','女','1996-06-13','吉林省辽源市东丰县','SM171','220421199606133621'),
('0351868','姜南莲','男','1997-09-06','广东省珠海市香洲区','SM172','440402199709060957'),
('0351869','秦艳红','男','1996-05-03','河南省漯河市临颍县','DS171','411122199605038733'),
('0351870','张枝','男','1996-06-24','江苏省常州市溧阳市','WG171','320481199606247338'),
('0351871','戚谷山','男','1996-02-09','贵州省黔南布依族苗族自治州平塘县','WG172','522727199602095530'),
('0351872','赵醉薇','女','1998-09-24','河北省保定市高阳县','JK171','130628199809247147'),
('0351873','严月珍','男','1999-07-26','江苏省无锡市宜兴市','JK172','32028219990726513X'),
('0351874','姜怡','男','1997-06-03','安徽省宿州市泗县','JK173','341324199706032133'),
('0351875','姜安琪','女','1999-05-05','云南省普洱市景谷傣族彝族自治县','JK174','530824199905057466'),
('0351876','吕萍','男','1999-03-04','广东省云浮市郁南县','JK175','445322199903047232'),
('0351877','赵之柔','女','1997-05-20','福建省漳州市云霄县','SM171','350622199705200347'),
('0351878','郑霭','女','1998-11-14','湖南省郴州市宜章县','SM172','431022199811142927'),
('0351879','金艺','女','1999-02-15','内蒙古自治区乌兰察布市丰镇市','DS171','150981199902157148'),
('0351880','孙翠红','男','1999-04-27','福建省泉州市金门县','WG171','350527199904274978'),
('0351881','张梦娇','女','1997-01-08','河北省保定市容城县','WG172','130629199701086683'),
('0351882','许万敏','女','1999-08-11','山东省济南市章丘市','JK171','370181199908115069'),
('0351883','戚淇','男','1999-03-12','河北省辛集市','JK172','139002199903128314'),
('0351884','曹珊','男','1997-09-16','湖北省黄石市黄石市','JK173','420201199709163891'),
('0351885','项凝','女','1996-08-16','云南省昭通市盐津县','JK174','530623199608167186'),
('0351886','朱咏','女','1999-11-15','山西省临汾市汾西县','JK175','141034199911155887'),
('0351887','韦之山','男','1997-04-06','宁夏回族自治区银川市兴庆区','SM171','640104199704068232'),
('0351888','戚心菲','女','1996-07-16','安徽省宣城市泾县','SM172','341823199607166727'),
('0351889','杨丽丽','女','1997-11-02','陕西省西安市西安市','DS171','61010119971102230X'),
('0351890','喻梦娇','女','1998-08-05','青海省西宁市城东区','WG171','630102199808057189'),
('0351891','陶瑞','男','1998-03-16','甘肃省兰州市七里河区','WG172','62010319980316537X'),
('0351892','吴荔','女','1997-11-24','湖北省武汉市江岸区','JK171','420102199711249468'),
('0351893','陶叶','男','1998-09-27','黑龙江省牡丹江市阳明区','JK172','231003199809273737'),
('0351894','施千萍','男','1996-09-05','江苏省常州市钟楼区','JK173','320404199609057836'),
('0351895','魏二丫','男','1997-10-01','湖南省娄底市新化县','JK174','431322199710018050'),
('0351896','褚夏青','男','1996-09-18','浙江省杭州市上城区','JK175','330102199609187430'),
('0351897','冯芳','男','1998-03-04','江西省抚州市黎川县','SM171','361022199803047075'),
('0351898','严梦','女','1996-02-20','甘肃省金昌市永昌县','SM172','62032119960220812X'),
('0351899','韩凌珍','男','1997-01-22','四川省内江市隆昌县','DS171','511028199701223994'),
('0351900','朱荔','女','1998-03-25','福建省南平市武夷山市','WG171','350782199803251721'),
('0351901','郑金玫','女','1999-07-24','福建省厦门市湖里区','WG172','350206199907245883'),
('0351902','施红燕','男','1996-04-14','云南省红河哈尼族彝族自治州金平苗族瑶族傣族自治县','JK171','532530199604143339'),
('0351903','孔娣','男','1998-06-04','湖南省永州市江华瑶族自治县','JK172','431129199806041910'),
('0351904','陶菁','女','1996-07-06','内蒙古自治区呼和浩特市呼和浩特市','JK173','150101199607062802'),
('0351905','姜茜','男','1997-05-02','广东省佛山市佛山市','JK174','440601199705023299'),
('0351906','严元群','男','1996-08-10','内蒙古自治区鄂尔多斯市鄂尔多斯市','JK175','150601199608108814'),
('0351907','步杰','女','1999-09-21','广西壮族自治区钦州市钦南区','SM171','450702199909214664'),
('0351908','朱子彤','女','1999-03-14','黑龙江省绥化市青冈县','SM172','231223199903145324'),
('0351909','曹梦','男','1999-03-20','福建省龙岩市漳平市','DS171','350881199903204059'),
('0351910','彭丽丽','女','1996-09-02','广东省韶关市武江区','WG171','440203199609027880'),
('0351911','姜嘉','男','1997-02-27','吉林省延边朝鲜族自治州和龙市','WG172','222406199702270472'),
('0351912','李之瑶','男','1999-08-09','云南省昭通市水富县','JK171','530630199908097638'),
('0351913','钱千萍','女','1997-05-01','福建省福州市平潭县','JK172','350128199705016380'),
('0351914','陶桂','男','1997-05-19','湖北省孝感市孝感市','JK173','42090119970519199X'),
('0351915','吴灿怡','女','1996-04-19','内蒙古自治区呼和浩特市呼和浩特市','JK174','150101199604199344'),
('0351916','吴招弟','男','1996-02-01','西藏自治区林芝市米林县','JK175','540422199602016250'),
('0351917','何霭','男','1996-05-07','湖南省衡阳市衡南县','SM171','430422199605076130'),
('0351918','严红','女','1998-05-23','贵州省六盘水市六枝特区','SM172','520203199805233200'),
('0351919','姜翠柔','女','1997-11-09','山西省临汾市曲沃县','DS171','141021199711099006'),
('0351920','曹婷','女','1997-01-10','黑龙江省鹤岗市东山区','WG171','230406199701101845'),
('0351921','王婕','男','1999-05-06','广东省清远市连山壮族瑶族自治县','WG172','441825199905060118'),
('0351922','赵苑','女','1996-11-08','广东省佛山市佛山市','JK171','440601199611086547'),
('0351923','陶侦','女','1996-11-15','陕西省渭南市潼关县','JK172','610522199611157227'),
('0351924','许艳','男','1998-11-21','山东省潍坊市昌邑市','JK173','370786199811214794'),
('0351925','沈迎曼','女','1999-01-05','黑龙江省佳木斯市东风区','JK174','230805199901054524'),
('0351926','韩银姣','女','1996-04-01','山东省聊城市临清市','JK175','371581199604017542'),
('0351927','褚心敏','女','1997-06-26','四川省凉山彝族自治州雷波县','SM171','513437199706265202'),
('0351928','张淑芬','女','1996-01-24','浙江省嘉兴市南湖区','SM172','330402199601242868'),
('0351929','朱佳','男','1996-07-04','湖南省永州市宁远县','DS171','431126199607045573'),
('0351930','云莉','女','1997-04-16','福建省南平市浦城县','WG171','350722199704163041'),
('0351931','曹金玫','男','1999-01-06','河北省邯郸市峰峰矿区','WG172','130406199901065937'),
('0351932','吴怡','女','1996-08-21','湖北省荆门市钟祥市','JK171','420881199608216645'),
('0351933','花红萍','女','1998-02-25','福建省厦门市海沧区','JK172','350205199802250583'),
('0351934','李艳红','男','1999-04-22','黑龙江省双鸭山市集贤县','JK173','230521199904220675'),
('0351935','尤梅梅','男','1999-11-03','河南省安阳市文峰区','JK174','410502199911033856'),
('0351936','严露','女','1998-03-19','云南省德宏傣族景颇族自治州陇川县','JK175','533124199803199943'),
('0351937','施娅','女','1999-06-17','西藏自治区昌都市八宿县','SM171','540326199906176480'),
('0351938','范丹珍','女','1999-07-20','黑龙江省大庆市大同区','SM172','230606199907201682'),
('0351939','周莎','女','1996-11-23','江苏省宿迁市沭阳县','DS171','32132219961123182X'),
('0351940','曹睿婕','男','1996-05-06','广东省肇庆市德庆县','WG171','441226199605064655'),
('0351941','孙枫','女','1998-07-23','河北省保定市定兴县','WG172','130626199807231405'),
('0351942','华青槐','男','1998-02-20','山东省日照市日照市','JK171','371101199802200598'),
('0351943','许惠','女','1999-07-25','广西壮族自治区贵港市港南区','JK172','450803199907258761'),
('0351944','沈艳红','女','1999-09-04','河南省焦作市沁阳市','JK173','410882199909043623'),
('0351945','尤娴','女','1997-06-01','四川省甘孜藏族自治州理塘县','JK174','513334199706014425'),
('0351946','施杰','男','1999-04-07','辽宁省大连市旅顺口区','JK175','210212199904075678'),
('0351947','朱灿灿','女','1997-04-22','甘肃省庆阳市庆阳市','SM171','621001199704225640'),
('0351948','魏章洪','女','1996-08-03','四川省阿坝藏族羌族自治州金川县','SM172','513226199608034523'),
('0351949','酆如霜','女','1997-07-25','四川省宜宾市江安县','DS171','511523199707254949'),
('0351950','牛敏婷','女','1999-11-09','河南省新乡市凤泉区','WG171','410704199911095081'),
('0351951','范勤','女','1998-09-06','山西省吕梁市汾阳市','WG172','141182199809063624'),
('0351952','郑睿婕','女','1998-09-16','河南省许昌市许昌县','JK171','411023199809160686'),
('0351953','沈冰露','男','1999-02-09','广西壮族自治区防城港市东兴市','JK172','450681199902096693'),
('0351954','卫红燕','女','1996-03-26','江西省九江市湖口县','JK173','360429199603264249'),
('0351955','钱艺','女','1998-05-21','重庆市重庆市巫溪县','JK174','500238199805210144'),
('0351956','金亚','女','1999-02-16','内蒙古自治区巴彦淖尔市临河区','JK175','150802199902166668'),
('0351957','骆欣阳','男','1997-10-07','四川省资阳市乐至县','SM171','51202219971007695X'),
('0351958','何彩艳','女','1996-06-14','陕西省安康市镇坪县','SM172','610927199606141208'),
('0351959','金艳红','女','1998-04-20','湖北省荆门市掇刀区','DS171','420804199804206564'),
('0351960','华芳','女','1997-10-20','湖南省怀化市溆浦县','WG171','43122419971020642X'),
('0351961','陈婷','男','1999-11-24','重庆市重庆市巴南区','WG172','500113199911240731'),
('0351962','戈晓','男','1999-07-06','内蒙古自治区巴彦淖尔市乌拉特后旗','JK171','150825199907063398'),
('0351963','周千萍','女','1999-11-07','河北省衡水市桃城区','JK172','131102199911078108'),
('0351964','吕雪','男','1999-10-19','海南省三亚市天涯区','JK173','460204199910190193'),
('0351965','吴睿婕','女','1997-11-09','安徽省铜陵市义安区','JK174','340706199711091101'),
('0351966','赵幻波','女','1996-07-25','江西省九江市浔阳区','JK175','360403199607256680'),
('0351967','王宜','男','1996-01-02','河北省张家口市张家口市','SM171','130701199601029058'),
('0351968','吴传敏','女','1999-09-08','四川省甘孜藏族自治州德格县','SM172','513330199909083927'),
('0351969','陈啟倩','女','1998-08-08','吉林省吉林市磐石市','DS171','220284199808080040'),
('0351970','曹雁','男','1996-05-14','广西壮族自治区贺州市昭平县','WG171','451121199605148677'),
('0351971','李莺','男','1998-09-22','青海省果洛藏族自治州久治县','WG172','632625199809222012'),
('0351972','褚丽丽','女','1996-07-05','青海省玉树藏族自治州杂多县','JK171','632722199607058687'),
('0351973','金倩','女','1997-05-11','广东省河源市龙川县','JK172','441622199705112462'),
('0351974','郑晶','男','1996-05-21','广东省韶关市武江区','JK173','440203199605215374'),
('0351975','戚成倩','男','1998-02-22','安徽省亳州市涡阳县','JK174','341621199802226074'),
('0351976','孔莉','女','1996-07-25','河北省沧州市运河区','JK175','13090319960725062X'),
('0351977','酆梦','女','1996-05-25','吉林省吉林市永吉县','SM171','220221199605257322'),
('0351978','尤含玉','女','1997-01-02','辽宁省辽阳市白塔区','SM172','211002199701020420'),
('0351979','陈夜白','女','1997-09-05','河北省保定市唐县','DS171','130627199709053867'),
('0351980','秦灿怡','男','1997-09-07','湖南省邵阳市大祥区','WG171','430503199709076916'),
('0351981','沈巧丽','女','1996-04-15','四川省绵阳市梓潼县','WG172','510725199604158762'),
('0351982','赵颖','女','1996-04-18','甘肃省酒泉市阿克塞哈萨克族自治县','JK171','620924199604184303'),
('0351983','金媛','男','1997-02-22','云南省临沧市沧源佤族自治县','JK172','530927199702228071'),
('0351984','沈瑞进','男','1997-01-14','山西省晋中市太谷县','JK173','14072619970114399X'),
('0351985','郑君','女','1999-06-26','四川省攀枝花市盐边县','JK174','510422199906264303'),
('0351986','魏彤','男','1999-04-20','云南省昆明市东川区','JK175','530113199904205095'),
('0351987','曹朱娇','女','1999-08-02','山西省晋中市介休市','SM171','140781199908022786'),
('0351988','褚肇琪','男','1996-06-05','福建省三明市三明市','SM172','350401199606055292'),
('0351989','戚青','女','1999-11-12','河北省承德市兴隆县','DS171','130822199911126803'),
('0351990','严姬','女','1997-10-10','浙江省金华市金华市','WG171','330701199710106267'),
('0351991','连光兰','女','1996-11-19','福建省泉州市丰泽区','WG172','350503199611197402'),
('0351992','周明艳','女','1997-02-11','陕西省延安市宝塔区','JK171','610602199702110440'),
('0351993','魏瑞进','女','1996-10-05','内蒙古自治区乌兰察布市丰镇市','JK172','150981199610051341'),
('0351994','谢悦明','女','1998-02-13','湖北省咸宁市咸宁市','JK173','421201199802138640'),
('0351995','金杰','女','1998-03-16','陕西省西安市长安区','JK174','610116199803169469'),
('0351996','吴蓓','女','1997-10-02','四川省阿坝藏族羌族自治州阿坝县','JK175','513231199710028809'),
('0351997','秦亦寒','女','1999-01-16','湖南省益阳市沅江市','SM171','430981199901162102'),
('0351998','许南莲','女','1998-11-17','河南省焦作市博爱县','SM172','410822199811174602'),
('0351999','李明艳','男','1997-10-20','内蒙古自治区鄂尔多斯市乌审旗','DS171','150626199710207656'),
('0352000','曹永珍','女','1998-05-17','西藏自治区林芝市米林县','WG171','540422199805172667'),
('0352001','沈耀文','女','1997-07-01','湖北省天门市','WG172','429006199707016088'),
('0352002','李景燕','女','1999-02-03','福建省南平市建瓯市','JK171','350783199902034227'),
('0352003','钱雁','女','1996-04-03','河南省南阳市方城县','JK172','411322199604036104'),
('0352004','严佳丽','男','1997-07-04','辽宁省铁岭市铁岭市','JK173','211201199707045834'),
('0352005','秦艳','女','1998-10-18','甘肃省金昌市永昌县','JK174','62032119981018488X'),
('0352006','秦采绿','女','1997-03-06','广东省韶关市浈江区','JK175','440204199703064561'),
('0352007','苍永珍','女','1997-11-23','河南省商丘市梁园区','SM171','411402199711231247'),
('0352008','张花长','男','1996-01-04','河南省安阳市林州市','SM172','410581199601049612'),
('0352009','严园','男','1997-11-12','四川省甘孜藏族自治州丹巴县','DS171','513323199711129850'),
('0352010','冯武琴','男','1999-08-05','河北省沧州市任丘市','WG171','130982199908055831'),
('0352011','蒋婕','男','1996-08-06','宁夏回族自治区吴忠市青铜峡市','WG172','64038119960806987X'),
('0352012','李文倩','男','1999-02-05','湖北省荆州市沙市区','JK171','421002199902053711'),
('0352013','钱桂兰','男','1996-02-21','山东省德州市德城区','JK172','37140219960221367X'),
('0352014','罗明红','女','1997-05-05','辽宁省锦州市黑山县','JK173','210726199705056904'),
('0352015','赵筠','女','1998-07-20','云南省玉溪市新平彝族傣族自治县','JK174','530427199807205442'),
('0352016','金莉莎','女','1998-09-27','河北省辛集市','JK175','13900219980927602X'),
('0352017','张青槐','女','1996-05-06','河南省焦作市中站区','SM171','410803199605063822'),
('0352018','朱海燕','女','1997-09-16','辽宁省朝阳市龙城区','SM172','211303199709166507'),
('0352019','魏娇娇','男','1998-05-11','江西省九江市浔阳区','DS171','360403199805110199'),
('0352020','于红恋','女','1998-10-01','河北省石家庄市平山县','WG171','130131199810016603'),
('0352021','陈阳涌','女','1996-06-20','福建省龙岩市新罗区','WG172','350802199606207880'),
('0352022','尚沛文','男','1999-07-06','辽宁省大连市普兰店区','JK171','210214199907063851'),
('0352023','沈高彭','男','1996-03-15','河北省邢台市桥东区','JK172','130502199603154915'),
('0352024','赵春竹','女','1997-09-02','新疆维吾尔自治区乌鲁木齐市水磨沟区','JK173','650105199709027227'),
('0352025','褚子鑫','女','1996-04-13','上海市上海市金山区','JK174','310116199604136989'),
('0352026','孔青','女','1997-04-05','福建省莆田市莆田市','JK175','350301199704050588'),
('0352027','秦之柔','男','1998-11-10','河南省信阳市罗山县','SM171','411521199811108339'),
('0352028','卫谷波','女','1996-05-16','山西省阳泉市盂县','SM172','140322199605168209'),
('0352029','云之山','女','1997-08-03','黑龙江省哈尔滨市平房区','DS171','230108199708033263'),
('0352030','陈伊萍','男','1997-02-01','甘肃省甘南藏族自治州迭部县','WG171','62302419970201239X'),
('0352031','张丹珍','女','1996-05-10','陕西省宝鸡市金台区','WG172','610303199605100320'),
('0352032','冯洪静','男','1997-03-10','山西省忻州市岢岚县','JK171','140929199703106535'),
('0352033','孙功碧','男','1997-07-13','陕西省咸阳市长武县','JK172','610428199707132975'),
('0352034','蒋水云','男','1998-10-06','山东省聊城市莘县','JK173','371522199810069570'),
('0352035','华凡','男','1999-05-22','四川省成都市金堂县','JK174','510121199905224235'),
('0352036','蒋启芬','男','1998-02-24','江西省宜春市高安市','JK175','360983199802247850'),
('0352037','谢翠安','女','1996-01-02','湖南省邵阳市双清区','SM171','430502199601026662'),
('0352038','李璧','女','1998-05-03','黑龙江省齐齐哈尔市昂昂溪区','SM172','230205199805034483'),
('0352039','鞠倩倩','男','1996-03-03','福建省泉州市永春县','DS171','350525199603030715'),
('0352040','冯紫君','男','1999-10-15','重庆市重庆市城口县','WG171','500229199910152736'),
('0352041','孙颖','女','1999-03-10','广西壮族自治区桂林市叠彩区','WG172','450303199903104629'),
('0352042','施孝洁','男','1999-07-01','浙江省杭州市江干区','JK171','330104199907018611'),
('0352043','华名媛','女','1999-04-04','浙江省舟山市定海区','JK172','330902199904049747'),
('0352044','陈美娟','男','1999-09-19','陕西省榆林市榆林市','JK173','610801199909197138'),
('0352045','赵瑞进','男','1996-07-11','西藏自治区那曲地区安多县','JK174','542425199607111418'),
('0352046','吕孝洁','男','1997-06-21','重庆市重庆市黔江区','JK175','500114199706215031'),
('0352047','许平夏','女','1997-07-19','河南省鹤壁市山城区','SM171','410603199707191007'),
('0352048','钱莉莎','女','1997-11-04','江西省南昌市进贤县','SM172','360124199711043584'),
('0352049','韩计香','男','1998-10-07','浙江省台州市临海市','DS171','331082199810078452'),
('0352050','曹欣','男','1998-03-16','陕西省汉中市佛坪县','WG171','610730199803163470'),
('0352051','苏欢','女','1999-10-22','四川省内江市东兴区','WG172','511011199910229869'),
('0352052','陈佳','女','1998-06-18','四川省雅安市石棉县','JK171','511824199806186788'),
('0352053','沈肇琪','女','1997-01-25','内蒙古自治区赤峰市阿鲁科尔沁旗','JK172','150421199701251409'),
('0352054','孙晓云','女','1998-01-08','河南省商丘市睢县','JK173','411422199801086667'),
('0352055','戚良翠','男','1999-07-23','安徽省宣城市郎溪县','JK174','341821199907237694'),
('0352056','戚姬','女','1997-02-08','河北省承德市滦平县','JK175','130824199702084347'),
('0352057','周访琴','男','1996-03-07','贵州省贵阳市白云区','SM171','520113199603073576'),
('0352058','喻惠','女','1996-07-05','广东省云浮市云城区','SM172','445302199607055726'),
('0352059','严敏','男','1996-08-06','河南省周口市商水县','DS171','411623199608062214'),
('0352060','孙妙海','男','1996-02-21','山西省长治市沁源县','WG171','140431199602215198'),
('0352061','郑之山','女','1997-07-26','江苏省连云港市东海县','WG172','320722199707268644'),
('0352062','宰世群','女','1998-09-23','山西省长治市平顺县','JK171','140425199809234209'),
('0352063','蒋花娥','女','1999-04-22','河南省洛阳市吉利区','JK172','410306199904222186'),
('0352064','周甜','女','1999-01-25','四川省凉山彝族自治州会理县','JK173','513425199901250182'),
('0352065','周之山','男','1998-09-13','江苏省镇江市丹阳市','JK174','321181199809136536'),
('0352066','吴凝','女','1997-08-21','黑龙江省佳木斯市抚远市','JK175','230883199708210600'),
('0352067','褚敏婷','女','1996-03-19','辽宁省朝阳市建平县','SM171','211322199603195288'),
('0352068','吕艳','男','1998-11-04','江苏省徐州市睢宁县','SM172','320324199811045118'),
('0352069','蒋锦','女','1997-06-10','湖南省张家界市张家界市','DS171','430801199706107661'),
('0352070','沈小蝶','男','1996-06-03','云南省红河哈尼族彝族自治州弥勒市','WG171','532504199606037596'),
('0352071','李开萍','男','1996-05-25','四川省凉山彝族自治州甘洛县','WG172','513435199605259759'),
('0352072','戚问筠','女','1997-06-27','广西壮族自治区百色市西林县','JK171','451030199706275721'),
('0352073','杨琼','男','1996-09-09','贵州省黔南布依族苗族自治州荔波县','JK172','522722199609096294'),
('0352074','尤红燕','女','1998-01-07','河南省信阳市平桥区','JK173','411503199801071621'),
('0352075','尉迟恩珍','女','1996-11-07','甘肃省定西市临洮县','JK174','621124199611073545'),
('0352076','卫育','男','1997-07-15','陕西省渭南市华阴市','JK175','61058219970715967X'),
('0352077','吕灿灿','女','1996-09-15','吉林省延边朝鲜族自治州敦化市','SM171','222403199609158081'),
('0352078','陈含玉','男','1997-05-18','贵州省黔东南苗族侗族自治州丹寨县','SM172','522636199705187818'),
('0352079','钱舒','男','1996-08-02','四川省南充市营山县','DS171','511322199608027014'),
('0352080','陈春喜','女','1997-10-17','江西省赣州市全南县','WG171','36072919971017822X'),
('0352081','张啟倩','女','1996-09-20','福建省厦门市海沧区','WG172','350205199609202563'),
('0352082','陈元琼','男','1997-04-20','上海市上海市松江区','JK171','310117199704204690'),
('0352083','王亦瑶','女','1999-07-07','山东省德州市德城区','JK172','371402199907076848'),
('0352084','许志桃','男','1997-07-19','山西省临汾市古县','JK173','141025199707192094'),
('0352085','许巧丽','男','1997-06-01','安徽省安庆市安庆市','JK174','340801199706016557'),
('0352086','王姚','女','1998-01-05','安徽省安庆市桐城市','JK175','340881199801053526'),
('0352087','吴静','男','1998-04-01','新疆维吾尔自治区乌鲁木齐市乌鲁木齐市','SM171','650101199804012298'),
('0352088','周代云','女','1998-01-22','新疆维吾尔自治区博尔塔拉蒙古自治州温泉县','SM172','652723199801224247'),
('0352089','蒋怜云','男','1997-11-19','四川省成都市崇州市','DS171','510184199711193392'),
('0352090','杨瑾','男','1996-04-07','辽宁省大连市普兰店区','WG171','210214199604070050'),
('0352091','赵霄','男','1996-07-05','宁夏回族自治区中卫市海原县','WG172','640522199607055418'),
('0352092','姜晓磊','男','1998-09-10','江苏省盐城市东台市','JK171','320981199809102216'),
('0352093','彭嘉','男','1999-05-03','辽宁省沈阳市大东区','JK172','210104199905036974'),
('0352094','严莉','男','1996-04-07','湖北省黄冈市浠水县','JK173','421125199604072930'),
('0352095','傅招弟','女','1996-07-22','云南省保山市施甸县','JK174','530521199607229287'),
('0352096','谢红萍','男','1998-10-25','四川省眉山市仁寿县','JK175','511421199810256274'),
('0352097','吕祖香','男','1999-11-02','黑龙江省哈尔滨市双城区','SM171','230113199911023993'),
('0352098','周静雯','女','1999-08-07','山西省吕梁市孝义市','SM172','141181199908071703'),
('0352099','何玉晶','男','1996-07-19','山西省阳泉市阳泉市','DS171','14030119960719939X'),
('0352100','许娟','女','1996-02-03','贵州省黔东南苗族侗族自治州凯里市','WG171','522601199602036523'),
('0352101','沈啟倩','女','1997-04-18','云南省临沧市云县','WG172','530922199704180049'),
('0352102','曹梦娇','女','1999-05-12','甘肃省金昌市金川区','JK171','620302199905124768'),
('0352103','沈红燕','男','1999-03-21','甘肃省天水市张家川回族自治县','JK172','620525199903218512'),
('0352104','周倩','女','1998-11-23','河北省衡水市故城县','JK173','131126199811230740'),
('0352105','褚艳','男','1996-07-07','新疆维吾尔自治区阿克苏地区温宿县','JK174','652922199607073275'),
('0352106','李笑白','女','1996-04-21','云南省临沧市云县','JK175','530922199604218185'),
('0352107','秦桂兰','女','1998-04-22','甘肃省定西市岷县','SM171','621126199804223901'),
('0352108','孔莎','女','1999-09-07','福建省漳州市龙文区','SM172','350603199909072982'),
('0352109','吕代云','女','1998-06-09','福建省莆田市秀屿区','DS171','350305199806093568'),
('0352110','何薇','男','1997-06-02','甘肃省平凉市泾川县','WG171','62082119970602527X'),
('0352111','蒋思','女','1997-04-17','福建省福州市台江区','WG172','350103199704176983'),
('0352112','尤秀英','女','1997-01-15','安徽省铜陵市义安区','JK171','340706199701156127'),
('0352113','张程燕','男','1996-02-15','安徽省阜阳市颍东区','JK172','341203199602156134'),
('0352114','步夏梅','女','1998-02-25','福建省莆田市城厢区','JK173','350302199802250467'),
('0352115','朱雨祺','女','1997-03-23','辽宁省丹东市宽甸满族自治县','JK174','210624199703234123'),
('0352116','陶亦寒','男','1996-05-23','黑龙江省伊春市汤旺河区','JK175','230712199605230931'),
('0352117','姜佳玲','男','1999-08-17','广西壮族自治区柳州市三江侗族自治县','SM171','450226199908171555'),
('0352118','彭琳','男','1999-11-10','云南省德宏傣族景颇族自治州瑞丽市','SM172','533102199911109118'),
('0352119','秦宗莉','女','1996-01-17','辽宁省本溪市溪湖区','DS171','210503199601179365'),
('0352120','任程燕','男','1998-11-05','河南省洛阳市吉利区','WG171','410306199811050151'),
('0352121','何成龙','男','1996-04-15','河南省濮阳市台前县','WG172','410927199604156011'),
('0352122','金雪萍','男','1998-03-06','河北省保定市顺平县','JK171','130636199803061173'),
('0352123','吴夜白','女','1996-07-17','云南省大理白族自治州弥渡县','JK172','532925199607171600'),
('0352124','施莺','男','1998-02-01','河南省平顶山市平顶山市','JK173','410401199802019279'),
('0352125','王胜英','女','1997-02-25','宁夏回族自治区固原市泾源县','JK174','640424199702253284'),
('0352126','戚倩倩','女','1997-03-03','河南省平顶山市湛河区','JK175','410411199703030360'),
('0352127','张茜','女','1998-10-09','湖南省长沙市芙蓉区','SM171','430102199810098580'),
('0352128','魏巧丽','女','1998-10-05','江西省南昌市东湖区','SM172','360102199810052429'),
('0352129','陶春竹','女','1998-07-03','江苏省常州市金坛区','DS171','320413199807035706'),
('0352130','蒋琴','女','1996-01-02','陕西省商洛市山阳县','WG171','611024199601024806'),
('0352131','许迎春','男','1999-09-26','山西省晋中市灵石县','WG172','140729199909265311'),
('0352132','吕招弟','女','1997-07-27','江苏省镇江市润州区','JK171','321111199707273186'),
('0352133','何政群','男','1999-01-05','四川省广元市青川县','JK172','51082219990105793X'),
('0352134','周琦','女','1999-01-13','黑龙江省伊春市汤旺河区','JK173','230712199901131225'),
('0352135','朱美娟','女','1998-03-24','山西省朔州市山阴县','JK174','140621199803247143'),
('0352136','朱贞','男','1998-05-08','安徽省阜阳市颍州区','JK175','341202199805088235'),
('0352137','沈慧娟','女','1997-05-12','山东省聊城市冠县','SM171','371525199705123028'),
('0352138','师绮菱','男','1997-11-14','西藏自治区阿里地区措勤县','SM172','542527199711143477'),
('0352139','陈之山','男','1998-01-06','辽宁省阜新市阜新蒙古族自治县','DS171','210921199801063011'),
('0352140','冯传敏','女','1998-10-02','贵州省黔西南布依族苗族自治州贞丰县','WG171','522325199810022120'),
('0352141','何景燕','女','1998-01-10','浙江省宁波市余姚市','WG172','330281199801104544'),
('0352142','吴黛','男','1997-01-10','湖南省娄底市涟源市','JK171','43138219970110333X'),
('0352143','张小丽','男','1997-09-11','山东省菏泽市巨野县','JK172','371724199709114318'),
('0352144','卫红','女','1997-10-09','河南省安阳市汤阴县','JK173','410523199710097708'),
('0352145','孙光萍','男','1997-05-21','新疆维吾尔自治区克拉玛依市白碱滩区','JK174','650204199705215174'),
('0352146','何丽红','男','1996-02-03','新疆维吾尔自治区伊犁哈萨克自治州尼勒克县','JK175','654028199602035270'),
('0352147','蒋海莲','男','1999-07-17','江苏省苏州市苏州市','SM171','320501199907171115'),
('0352148','尤彩菊','女','1999-02-08','云南省西双版纳傣族自治州景洪市','SM172','532801199902089961'),
('0352149','孙露','男','1996-04-15','甘肃省武威市凉州区','DS171','620602199604159218'),
('0352150','陶佳','女','1996-09-21','湖北省宜昌市兴山县','WG171','420526199609213488'),
('0352151','黄惠','女','1997-02-21','广东省汕头市濠江区','WG172','440512199702215264'),
('0352152','张婷','男','1997-06-18','湖南省邵阳市武冈市','JK171','430581199706189930'),
('0352153','何美丽','女','1997-05-18','云南省大理白族自治州漾濞彝族自治县','JK172','532922199705185169'),
('0352154','姜静雯','女','1996-01-14','湖南省衡阳市蒸湘区','JK173','430408199601142826'),
('0352155','陶婷婷','女','1998-01-21','吉林省长春市南关区','JK174','220102199801215184'),
('0352156','何姚','男','1998-11-23','内蒙古自治区赤峰市翁牛特旗','JK175','150426199811231152'),
('0352157','严莺','女','1998-04-01','海南省海口市琼山区','SM171','460107199804013242'),
('0352158','常霭','女','1998-09-27','陕西省渭南市合阳县','SM172','610524199809278940'),
('0352159','后祖香','男','1998-09-23','辽宁省抚顺市清原满族自治县','DS171','210423199809237616'),
('0352160','冯秀英','男','1997-10-18','福建省宁德市周宁县','WG171','350925199710188632'),
('0352161','尤彤','男','1996-05-07','四川省德阳市什邡市','WG172','510682199605075135'),
('0352162','何乐萱','男','1998-10-11','新疆维吾尔自治区阿克苏地区阿克苏市','JK171','652901199810111319'),
('0352163','赵珊','女','1998-06-09','河南省周口市川汇区','JK172','411602199806093642'),
('0352164','蒋嘎妹','男','1998-04-21','广西壮族自治区桂林市永福县','JK173','450326199804217059'),
('0352165','彭青','男','1997-06-07','新疆维吾尔自治区巴音郭楞蒙古自治州和硕县','JK174','652828199706076319'),
('0352166','韩婷','男','1997-07-16','江苏省连云港市灌云县','JK175','320723199707162192'),
('0352167','沈光桃','女','1996-04-07','福建省漳州市诏安县','SM171','350624199604076140'),
('0352168','戚有菊','男','1999-06-17','福建省漳州市芗城区','SM172','35060219990617977X'),
('0352169','潘青','女','1996-03-03','湖北省武汉市东西湖区','DS171','420112199603035203'),
('0352170','尤颖','男','1996-10-13','江西省萍乡市安源区','WG171','360302199610136215'),
('0352171','邹元群','女','1997-11-08','山西省阳泉市阳泉市','WG172','140301199711086168'),
('0352172','柴育','男','1997-05-25','湖南省邵阳市双清区','JK171','430502199705259436'),
('0352173','秦武琴','男','1998-07-14','四川省南充市西充县','JK172','51132519980714639X'),
('0352174','钱碧香','女','1999-02-19','山东省潍坊市潍坊市','JK173','370701199902198765'),
('0352175','魏红','女','1997-07-10','河北省保定市涿州市','JK174','130681199707107620'),
('0352176','华晶','男','1999-02-16','江西省南昌市湾里区','JK175','360105199902167759'),
('0352177','张兰兰','女','1999-04-14','湖北省咸宁市通城县','SM171','421222199904142626'),
('0352178','钱慧娟','女','1999-11-09','重庆市重庆市南川区','SM172','500119199911097929'),
('0352179','华竹','女','1996-08-04','四川省自贡市大安区','DS171','510304199608045104'),
('0352180','孔胜英','女','1998-02-13','山东省德州市武城县','WG171','37142819980213788X'),
('0352181','孙文涛','女','1997-02-10','内蒙古自治区通辽市扎鲁特旗','WG172','150526199702102461'),
('0352182','吕柳','男','1997-07-03','江西省赣州市宁都县','JK171','360730199707036939'),
('0352183','华玫','女','1999-10-06','山东省潍坊市安丘市','JK172','370784199910068283'),
('0352184','吴芳','女','1998-02-23','云南省丽江市华坪县','JK173','530723199802235520'),
('0352185','孙婷婷','男','1996-08-01','广西壮族自治区梧州市长洲区','JK174','450405199608018638'),
('0352186','严兰燕','女','1996-10-13','福建省漳州市芗城区','JK175','350602199610130846'),
('0352187','戚大芬','男','1999-01-05','山西省长治市长子县','SM171','140428199901059414'),
('0352188','李易梦','女','1996-04-22','贵州省黔东南苗族侗族自治州丹寨县','SM172','522636199604225248'),
('0352189','严庆黎','男','1996-07-12','四川省乐山市犍为县','DS171','511123199607122832'),
('0352190','何秋荣','男','1996-11-21','内蒙古自治区兴安盟科尔沁右翼中旗','WG171','152222199611217175'),
('0352191','余静雯','女','1996-08-13','河北省保定市竞秀区','WG172','130602199608130440'),
('0352192','孙瑞进','男','1996-11-22','四川省甘孜藏族自治州理塘县','JK171','513334199611220656'),
('0352193','施琴','男','1999-11-14','青海省玉树藏族自治州囊谦县','JK172','632725199911149590'),
('0352194','冯丹','女','1996-09-21','海南省三亚市三亚市','JK173','460201199609215604'),
('0352195','姜敏茹','男','1999-02-10','青海省海东市民和回族土族自治县','JK174','630222199902107534'),
('0352196','施洋','男','1997-02-11','江苏省无锡市锡山区','JK175','320205199702111417'),
('0352197','许茜','男','1996-10-26','安徽省芜湖市无为县','SM171','340225199610262217'),
('0352198','陶寻南','男','1998-11-18','山西省太原市娄烦县','SM172','140123199811188732'),
('0352199','褚雪倩','女','1998-11-14','江苏省南京市鼓楼区','DS171','320106199811141704'),
('0352200','韩冷安','男','1998-11-20','山西省长治市壶关县','WG171','140427199811206939'),
('0352201','施融','男','1998-11-14','江西省景德镇市乐平市','WG172','360281199811141977'),
('0352202','孔春燕','女','1997-07-15','河南省洛阳市洛宁县','JK171','410328199707153124'),
('0352203','华开凤','男','1996-09-16','河南省濮阳市濮阳县','JK172','410928199609165298'),
('0352204','韩花娥','男','1997-07-11','河北省邢台市隆尧县','JK173','13052519970711885X'),
('0352205','王苑','女','1999-05-25','四川省德阳市旌阳区','JK174','510603199905251545'),
('0352206','褚荔','女','1998-01-24','陕西省渭南市合阳县','JK175','610524199801248069'),
('0352207','褚礼杰','女','1999-06-12','海南省海口市琼山区','SM171','460107199906121260'),
('0352208','陈洪丽','女','1997-01-22','甘肃省张掖市肃南裕固族自治县','SM172','620721199701226560'),
('0352209','戚念','男','1996-07-05','辽宁省丹东市凤城市','DS171','210682199607050993'),
('0352210','陈敏茹','女','1998-06-02','青海省玉树藏族自治州杂多县','WG171','632722199806023022'),
('0352211','毕朱婷','男','1997-01-17','辽宁省铁岭市开原市','WG172','211282199701174019'),
('0352212','孔水云','男','1997-02-13','陕西省渭南市蒲城县','JK171','610526199702133357'),
('0352213','许缘双','女','1999-08-23','安徽省阜阳市临泉县','JK172','341221199908233924'),
('0352214','郑庆黎','女','1997-04-01','内蒙古自治区赤峰市克什克腾旗','JK173','150425199704018843'),
('0352215','蒋静','女','1998-03-19','云南省丽江市古城区','JK174','530702199803191863'),
('0352216','张馨语','男','1997-07-27','西藏自治区阿里地区日土县','JK175','542524199707272111'),
('0352217','蒋宏艳','男','1996-09-12','江西省抚州市东乡县','SM171','361029199609120616'),
('0352218','钱瑶','男','1999-01-23','浙江省杭州市江干区','SM172','330104199901236693'),
('0352219','秦半芹','男','1998-04-05','河北省石家庄市高邑县','DS171','130127199804058052'),
('0352220','尤肇琪','女','1998-04-15','山东省滨州市惠民县','WG171','371621199804159720'),
('0352221','姜帮菊','男','1998-03-05','河北省张家口市沽源县','WG172','130724199803054811'),
('0352222','戚园','女','1999-07-15','山东省济南市商河县','JK171','370126199907154483'),
('0352223','褚秋荣','男','1997-09-05','四川省遂宁市安居区','JK172','510904199709059110'),
('0352224','杨娣','男','1996-11-25','湖北省十堰市丹江口市','JK173','420381199611250193'),
('0352225','尤桂','女','1996-07-08','河北省张家口市赤城县','JK174','130732199607083869'),
('0352226','戚洪静','女','1998-10-19','广东省云浮市云安区','JK175','445303199810197523'),
('0352227','项功碧','男','1997-04-11','江苏省宿迁市宿迁市','SM171','321301199704117274'),
('0352228','褚仪','男','1999-05-25','湖南省湘西土家族苗族自治州龙山县','SM172','433130199905251857'),
('0352229','戚姚','女','1997-11-01','广西壮族自治区崇左市宁明县','DS171','451422199711017905'),
('0352230','施永珍','女','1996-08-01','四川省乐山市市中区','WG171','511102199608012342'),
('0352231','孔伊萍','男','1999-07-27','西藏自治区阿里地区改则县','WG172','542526199907275539'),
('0352232','谢娣','男','1996-01-18','河南省许昌市禹州市','JK171','41108119960118237X'),
('0352233','许代云','男','1998-09-26','云南省丽江市华坪县','JK172','530723199809266215'),
('0352234','钱芳','女','1997-08-13','江苏省徐州市邳州市','JK173','320382199708135901'),
('0352235','吴蓉','男','1996-04-03','河南省濮阳市华龙区','JK174','410902199604037998'),
('0352236','尤姣','男','1997-08-25','河北省沧州市南皮县','JK175','130927199708251876'),
('0352237','李佳','男','1999-08-19','四川省自贡市贡井区','SM171','510303199908198456'),
('0352238','朱妹妹','男','1999-04-07','山西省太原市古交市','SM172','140181199904075714'),
('0352239','尤发弟','女','1997-03-03','广东省珠海市金湾区','DS171','44040419970303796X'),
('0352240','吴玉凤','女','1999-08-22','福建省三明市三明市','WG171','350401199908220169'),
('0352241','冯莉','女','1999-08-15','西藏自治区林芝市朗县','WG172','540426199908155400'),
('0352242','许瑶','男','1998-07-06','内蒙古自治区呼伦贝尔市新巴尔虎右旗','JK171','150727199807060074'),
('0352243','姜岚','男','1999-01-20','安徽省滁州市明光市','JK172','341182199901206234'),
('0352244','孙平夏','女','1998-04-09','江西省宜春市上高县','JK173','360923199804090942'),
('0352245','秦黛','男','1996-05-03','河北省唐山市迁安市','JK174','130283199605038290'),
('0352246','朱凌旋','男','1996-01-27','山西省吕梁市交城县','JK175','141122199601272375'),
('0352247','张乐之','男','1999-10-02','陕西省渭南市潼关县','SM171','61052219991002247X'),
('0352248','张明珠','男','1996-11-05','湖南省常德市安乡县','SM172','430721199611058692'),
('0352249','李晓云','女','1996-06-17','吉林省长春市双阳区','DS171','220112199606174965'),
('0352250','李痴梦','女','1997-01-16','贵州省遵义市正安县','WG171','520324199701161588'),
('0352251','魏孝洁','女','1997-03-20','内蒙古自治区巴彦淖尔市乌拉特中旗','WG172','150824199703203444'),
('0352252','郑婷婷','女','1996-08-11','河北省邢台市任县','JK171','130526199608115406'),
('0352253','吴倩倩','女','1999-05-17','湖北省荆州市公安县','JK172','421022199905177440'),
('0352254','吴柔','女','1996-11-26','山东省潍坊市诸城市','JK173','370782199611268063'),
('0352255','卫芳','男','1996-08-16','广西壮族自治区百色市靖西市','JK174','451081199608168834'),
('0352256','秦怡','女','1996-01-22','福建省三明市明溪县','JK175','350421199601228604'),
('0352257','褚元琼','男','1999-11-07','安徽省宣城市旌德县','SM171','341825199911077035'),
('0352258','吴秀芳','男','1997-10-24','黑龙江省七台河市茄子河区','SM172','230904199710249539'),
('0352259','严菜玲','男','1996-10-14','江苏省无锡市宜兴市','DS171','320282199610141734'),
('0352260','陶春萍','男','1996-01-16','福建省漳州市南靖县','WG171','350627199601168110'),
('0352261','潘婷婷','男','1998-07-11','湖北省襄阳市襄阳市','WG172','42060119980711581X'),
('0352262','魏凌旋','女','1996-07-11','安徽省合肥市庐江县','JK171','340124199607111627'),
('0352263','王妹妹','女','1996-11-16','辽宁省沈阳市皇姑区','JK172','210105199611166489'),
('0352264','陶武琴','女','1996-04-26','广西壮族自治区梧州市长洲区','JK173','450405199604264903'),
('0352265','秦小丽','男','1996-08-25','陕西省榆林市横山区','JK174','610803199608257275'),
('0352266','朱霭','男','1999-05-23','湖北省潜江市','JK175','429005199905233992'),
('0352267','姜世兰','女','1998-05-15','河南省驻马店市正阳县','SM171','41172419980515374X'),
('0352268','于翠柔','女','1999-10-04','安徽省池州市青阳县','SM172','34172319991004150X'),
('0352269','蒋阳涌','男','1999-05-18','湖南省岳阳市岳阳市','DS171','430601199905183551'),
('0352270','王亚萍','男','1997-06-02','山东省日照市莒县','WG171','371122199706029833'),
('0352271','何园','女','1998-10-16','河南省焦作市孟州市','WG172','410883199810160148'),
('0352272','涂宁','女','1999-11-16','四川省宜宾市宜宾市','JK171','511501199911162760'),
('0352273','周海燕','男','1999-05-10','黑龙江省齐齐哈尔市龙江县','JK172','230221199905106739'),
('0352274','钱育','女','1998-06-16','贵州省遵义市赤水市','JK173','52038119980616140X'),
('0352275','严天春','女','1999-01-16','河南省鹤壁市鹤壁市','JK174','410601199901160623'),
('0352276','许亦寒','男','1997-03-05','江苏省苏州市张家港市','JK175','320582199703056199'),
('0352277','金欢','男','1996-03-17','广东省深圳市盐田区','SM171','440308199603173139'),
('0352278','韩筠','男','1997-11-25','江西省九江市修水县','SM172','360424199711250395'),
('0352279','褚虹霖','男','1997-11-17','河北省沧州市吴桥县','DS171','13092819971117197X'),
('0352280','郑启英','女','1996-07-07','安徽省淮北市烈山区','WG171','340604199607075007'),
('0352281','韩琦','男','1997-09-18','黑龙江省哈尔滨市木兰县','WG172','230127199709185794'),
('0352282','张巧丽','女','1996-05-08','广西壮族自治区贵港市港北区','JK171','450802199605088721'),
('0352283','姜娟','女','1997-09-10','贵州省遵义市汇川区','JK172','520303199709108405'),
('0352284','韩红燕','男','1996-02-03','新疆维吾尔自治区巴音郭楞蒙古自治州焉耆回族自治县','JK173','652826199602031375'),
('0352285','却春竹','男','1999-07-12','河南省信阳市新县','JK174','411523199907127836'),
('0352286','吕万敏','女','1999-09-04','河南省信阳市潢川县','JK175','411526199909044005'),
('0352287','秦谷波','男','1996-10-05','山东省威海市文登区','SM171','371003199610053316'),
('0352288','尤兴','男','1996-02-18','西藏自治区日喀则市亚东县','SM172','540233199602185415'),
('0352289','杨姬','男','1997-08-26','陕西省榆林市子洲县','DS171','610831199708268997'),
('0352290','孔程悦','男','1997-10-17','福建省龙岩市漳平市','WG171','35088119971017675X'),
('0352291','孙霄','女','1997-01-08','贵州省黔东南苗族侗族自治州雷山县','WG172','522634199701085862'),
('0352292','陶之瑶','女','1998-04-06','河南省开封市开封市','JK171','410201199804063969'),
('0352293','韩光桃','女','1999-09-27','广东省清远市阳山县','JK172','441823199909276984'),
('0352294','郑珊','男','1999-03-27','新疆维吾尔自治区巴音郭楞蒙古自治州轮台县','JK173','652822199903275773'),
('0352295','戚寻文','男','1997-10-05','西藏自治区拉萨市林周县','JK174','540121199710059116'),
('0352296','鲁银姣','男','1996-09-03','辽宁省锦州市黑山县','JK175','210726199609031774'),
('0352297','杨夜白','男','1996-04-16','浙江省衢州市衢江区','SM171','330803199604166635'),
('0352298','张月珍','男','1996-10-05','广东省河源市紫金县','SM172','441621199610052333'),
('0352299','华宛海','女','1999-04-15','广东省梅州市兴宁市','DS171','441481199904156520'),
('0352300','吴谷山','男','1999-05-07','四川省凉山彝族自治州雷波县','WG171','513437199905070934'),
('0352301','赵蓓','女','1999-09-22','贵州省黔西南布依族苗族自治州安龙县','WG172','522328199909224784'),
('0352302','卫贞','女','1996-01-24','河南省安阳市林州市','JK171','410581199601248160'),
('0352303','戚侦','男','1998-05-16','浙江省嘉兴市平湖市','JK172','33048219980516375X'),
('0352304','李欣怡','男','1996-04-14','山东省济宁市梁山县','JK173','370832199604140936'),
('0352305','曹美丽','男','1997-06-14','上海市上海市浦东新区','JK174','310115199706142136'),
('0352306','吕珍','女','1999-05-27','湖南省娄底市冷水江市','JK175','431381199905272964'),
('0352307','何涛','女','1996-06-02','四川省广安市岳池县','SM171','511621199606025322'),
('0352308','卫沛文','女','1998-04-05','新疆维吾尔自治区哈密市伊州区','SM172','650502199804059860'),
('0352309','李莉','女','1996-07-03','黑龙江省牡丹江市东安区','DS171','231002199607035144'),
('0352310','蒋夏雪','女','1998-08-25','四川省眉山市洪雅县','WG171','511423199808255742'),
('0352311','王虹','女','1996-07-10','贵州省遵义市道真仡佬族苗族自治县','WG172','520325199607100160'),
('0352312','施媛元','男','1999-05-07','江苏省泰州市海陵区','JK171','321202199905070370'),
('0352313','杨问筠','女','1998-11-24','甘肃省白银市靖远县','JK172','620421199811247841'),
('0352314','陶青','女','1999-02-26','辽宁省辽阳市灯塔市','JK173','211081199902265446'),
('0352315','许夜白','男','1999-07-17','江西省宜春市靖安县','JK174','360925199907175255'),
('0352316','蒋胜敏','男','1998-09-04','广西壮族自治区百色市那坡县','JK175','451026199809046839'),
('0352317','冯巧丽','男','1998-11-21','山东省枣庄市台儿庄区','SM171','370405199811211716'),
('0352318','孙景玉','男','1999-02-08','吉林省长春市九台区','SM172','220113199902086894'),
('0352319','褚傲文','女','1998-11-25','黑龙江省双鸭山市宝山区','DS171','230506199811257889'),
('0352320','冯春萍','女','1996-02-09','湖南省湘西土家族苗族自治州古丈县','WG171','433126199602093068'),
('0352321','褚冰露','女','1999-07-18','四川省阿坝藏族羌族自治州茂县','WG172','513223199907182885'),
('0352322','丛传敏','男','1996-01-05','贵州省毕节市威宁彝族回族苗族自治县','JK171','520526199601054738'),
('0352323','卫倩','女','1998-03-10','江苏省南京市南京市','JK172','320101199803109243'),
('0352324','冯肇琪','男','1997-10-09','山东省济南市章丘市','JK173','370181199710091671'),
('0352325','施羽','女','1998-04-15','青海省海南藏族自治州贵南县','JK174','632525199804154203'),
('0352326','郑娜','女','1999-09-14','西藏自治区日喀则市吉隆县','JK175','540234199909143240'),
('0352327','王霭','女','1998-07-10','黑龙江省大兴安岭地区漠河县','SM171','232723199807105160'),
('0352328','蒋叶','女','1999-07-21','四川省甘孜藏族自治州甘孜县','SM172','513328199907215381'),
('0352329','卫丹','女','1997-07-19','四川省成都市金堂县','DS171','510121199707190206'),
('0352330','钱苹','男','1999-05-07','黑龙江省绥化市明水县','WG171','231225199905074454'),
('0352331','蒋忠娇','女','1996-06-15','河北省廊坊市大厂回族自治县','WG172','131028199606155961'),
('0352332','张伊萍','女','1997-02-17','宁夏回族自治区银川市灵武市','JK171','640181199702172741'),
('0352333','司徒心敏','女','1999-05-26','青海省玉树藏族自治州玉树市','JK172','632701199905268744'),
('0352334','陶翠柔','男','1998-11-22','山西省阳泉市平定县','JK173','140321199811223938'),
('0352335','冯旭','男','1999-07-08','云南省玉溪市红塔区','JK174','530402199907081996'),
('0352336','钱敏','男','1997-02-22','河南省三门峡市义马市','JK175','411281199702227494'),
('0352337','周雪萍','女','1996-03-03','贵州省毕节市大方县','SM171','520521199603035205'),
('0352338','张访琴','男','1997-11-06','广东省阳江市阳春市','SM172','44178119971106743X'),
('0352339','李世群','男','1997-05-11','江西省宜春市宜丰县','DS171','360924199705119451'),
('0352340','冯媛','男','1997-11-09','湖南省娄底市娄星区','WG171','431302199711093655'),
('0352341','苏燕','男','1999-11-08','安徽省安庆市岳西县','WG172','34082819991108193X'),
('0352342','魏冬儿','男','1997-04-07','甘肃省兰州市七里河区','JK171','620103199704070551'),
('0352343','陶凝','男','1999-10-04','新疆维吾尔自治区伊犁哈萨克自治州昭苏县','JK172','654026199910048150'),
('0352344','李莎','女','1996-09-17','江苏省镇江市句容市','JK173','321183199609175103'),
('0352345','戚心媛','男','1996-05-21','四川省甘孜藏族自治州稻城县','JK174','513337199605216297'),
('0352346','邹如霜','男','1998-10-07','山东省青岛市胶州市','JK175','370281199810074559'),
('0352347','卫荔','女','1996-01-19','海南省临高县','SM171','469024199601191304'),
('0352348','李梦','女','1998-07-14','湖南省张家界市慈利县','SM172','430821199807140984'),
('0352349','孔姚','女','1999-07-21','江苏省徐州市新沂市','DS171','320381199907216820'),
('0352350','秦小珍','女','1996-04-05','江西省景德镇市珠山区','WG171','360203199604054740');

/*Table structure for table `tbteacher` */

DROP TABLE IF EXISTS `tbteacher`;

CREATE TABLE `tbteacher` (
  `NO` char(4) NOT NULL,
  `NAME` char(20) NOT NULL,
  `GENDER` char(1) DEFAULT NULL,
  `BIRTHDATE` date DEFAULT NULL,
  `IDCARD` char(18) DEFAULT NULL,
  PRIMARY KEY (`NO`)
) ENGINE=InnoDB DEFAULT CHARSET=utf8;

/*Data for the table `tbteacher` */

insert  into `tbteacher`(`NO`,`NAME`,`GENDER`,`BIRTHDATE`,`IDCARD`) values 
('77','7','7','2020-09-09','7'),
('T001','刘立德','男','1988-01-01','432081199806127000'),
('T002','屈广平','女','1987-01-01','130582199606015000'),
('T003','周正明','女','1986-01-01','130582199606015000'),
('T004','陈浩然','男','1984-01-01','23090219960906529X'),
('T005','张思晟','男','1985-01-01','440305199711076000');

/*Table structure for table `tbuser` */

DROP TABLE IF EXISTS `tbuser`;

CREATE TABLE `tbuser` (
  `NO` int(11) NOT NULL AUTO_INCREMENT,
  `NAME` char(20) NOT NULL,
  `PASSWORD` char(20) NOT NULL,
  `EMAIL` char(50) NOT NULL,
  `VISITCOUNT` int(11) DEFAULT '0',
  PRIMARY KEY (`NO`)
) ENGINE=InnoDB AUTO_INCREMENT=5 DEFAULT CHARSET=utf8;

/*Data for the table `tbuser` */

insert  into `tbuser`(`NO`,`NAME`,`PASSWORD`,`EMAIL`,`VISITCOUNT`) values 
(1,'admin','10086','123@qq.com',28),
(2,'zhangsan','10088','119@qq.com',0),
(3,'11','111','1@qq.com',1),
(4,'22','222','22@qq.com',2);

/* Procedure structure for procedure `return_visit` */

/*!50003 DROP PROCEDURE IF EXISTS  `return_visit` */;

DELIMITER $$

/*!50003 CREATE DEFINER=`root`@`localhost` PROCEDURE `return_visit`(in mingzi char(20),out cishu int)
BEGIN
    UPDATE tbuser SET visitcount = visitcount+1 where name=mingzi;
    select visitcount into cishu from tbuser where NAME=mingzi;
 END */$$
DELIMITER ;

/*!40101 SET SQL_MODE=@OLD_SQL_MODE */;
/*!40014 SET FOREIGN_KEY_CHECKS=@OLD_FOREIGN_KEY_CHECKS */;
/*!40014 SET UNIQUE_CHECKS=@OLD_UNIQUE_CHECKS */;
/*!40111 SET SQL_NOTES=@OLD_SQL_NOTES */;
